Número provisional,Nom de l'arbre,Número declaració,Comarca,Any,Terme municipal,Poble,Indret,Mena de declaració,etrs89x,etrs89y,Espècie,utmx,utmy,LONG3,LAT3,observacions_mapa_albert,codi_aparensa,aparensa,NUM2
01.120.01,Alzina de la Casa Nova de Bonany,01.120.01,"Alt Camp, l'",1990,Querol,Bonany,Casa Nova de Bonany,AM,"371468,7514","371320,6248",Quercus ilex subsp. ilex,371563,4583807,1.462552721,41.3936972,,N,"normal, típic, ordinari",112001
02.001.01,Suro del Mas Perxés,02.001.01,"Alt Empordà, l'",1988,Agullana,,Mas Perxés,AM,"486434,7584","486284,9614",Quercus suber,486528,4693991,2.835177700,42.3962528,,N,"normal, típic, ordinari",200101
02.001.02,El Fadrí,02.001.02,"Alt Empordà, l'",1990,Agullana,,Can Bec de Baix,AM,"485805,7636","485655,9542",Quercus suber,485899,4694810,2.827514997,42.4036175,,N,"normal, típic, ordinari",200102
02.003.01,Roure dels Capellans,02.003.01,"Alt Empordà, l'",1992,Albanyà,Lliurona,"Font del Bac, a 150 m a l'est.",AM,"474800,6446","474651,0404",Quercus pubescens,474894,4681272,2.694375303,42.2814157,Arbre vell i força malmès. També anomenat Roure de la Font del Bac.,N,"normal, típic, ordinari",200301
02.042.01,Plàtan de Can Compte,02.042.01,"Alt Empordà, l'",1991,Capmany,,Can Compte,AM,"489812,7483","489662,9816",Platanus × hispanica,489906,4691991,2.876256891,42.3782921,,N,"normal, típic, ordinari",204201
02.054.01,Plàtan de la Plaça de Colera,02.054.01,"Alt Empordà, l'",1990,Colera,,Plaça Pi i Margall,AM,"512405,8036","512255,9938",Platanus × hispanica,512499,4694832,3.150754386,42.4038445,,N,"normal, típic, ordinari",205401
03.240.01,Roure de Can Codorniu,03.240.01,"Alt Penedès, l'",1987,Sant Sadurní d'Anoia,,Can Codorniu,AM,"399381,8237","399233,6359",Quercus × cerrioides,399476,4587842,1.795688026,41.4340096,"El 10-04-2009 va caure, tot i que de moment segueix viu.",D,en procés de decadència,324001
03.273.01,Alzina de Can Ros,03.273.01,"Alt Penedès, l'",1991,Subirats,els Casots,Can Ros,AM,"401060,7983","400912,6664",Quercus ilex subsp. ilex,401155,4584156,1.816382641,41.4010232,Morí l'any 2001.,MI,mort i en queden restes al lloc (in situ),327301
02.060.01,Plàtana Grossa d'en Massot,02.060.01,"Alt Empordà, l'",1990,Darnius,,"El Massot, prop de la font",AM,"486301,7326","486151,9867",Platanus × hispanica,486395,4690617,2.833641624,42.3658641,,N,"normal, típic, ordinari",206001
02.086.01,El Suratell,02.086.01,"Alt Empordà, l'",1991,"Jonquera, la",Sant Julià dels Tords,"Mas Llong, a uns 500 m a l'oest.",AM,"486450,7875","486300,9323",Quercus suber,486544,4697835,2.835281896,42.4308721,,N,"normal, típic, ordinari",208601
02.092.01,Arbre de la Llibertat de Llançà,02.092.01,"Alt Empordà, l'",1990,Llançà,Llançà,Plaça Major,AM,"512517,7696","512368,0281",Platanus × hispanica,512611,4690325,3.152017023,42.3632524,"A la mateixa plaça, es troba la Torre del Campanar de finals del segle XIII, autèntic símbol de la vila, que corresponia al campanar de l'església romànica inicial, substituïda posteriorment per l'actual temple de Sant Vicenç, a l'altre cantó de la plaça.",N,"normal, típic, ordinari",209201
02.102.01,La Pubilla,02.102.01,"Alt Empordà, l'",2000,Maçanet de Cabrenys,,A uns 500 metres al sud-est de Can Vinyes.,AM,"481463,745","481313,9599",Quercus suber,481557,4693204,2.774803644,42.3890627,,N,"normal, típic, ordinari",210201
02.221.01,Alzina de la Font de Can Massanet,02.221.01,"Alt Empordà, l'",1991,Vilafant,,Font de Can Massanet,AM,"494632,6428","494483,1014",Quercus ilex subsp. ilex,494726,4677131,2.934941751,42.2445081,,N,"normal, típic, ordinari",222101
04.077.01,"Roures de Cal Vilàs de Valldarques I, II",04.077.01,"Alt Urgell, l'",1988,Coll de Nargó,Valldarques,Cal Vilàs de Valldarques,AM,"352346,3679","352196,9512",Quercus faginea subsp. faginea,352440,4668909,1.212765164,42.1565633,,N,"normal, típic, ordinari",407701
04.077.01a,Roures de Cal Vilàs de Valldarques I,04.077.01,"Alt Urgell, l'",1988,Coll de Nargó,Valldarques,Cal Vilàs de Valldarques,AM (part),"352346,3679","352196,9512",Quercus faginea subsp. faginea,352440,4668909,1.212765164,42.1565633,,N,"normal, típic, ordinari",0407701a
04.077.01b,Roures de Cal Vilàs de Valldarques II,04.077.01,"Alt Urgell, l'",1988,Coll de Nargó,Valldarques,Cal Vilàs de Valldarques,AM (part),"351906,3604","351756,9574",Quercus faginea subsp. faginea,352000,4668000,1.207672678,42.1482975,,N,"normal, típic, ordinari",0407701b
04.185.01,Alzinera de Coma Servera,04.185.01,"Alt Urgell, l'",1988,Ribera d'Urgellet,Montant de Tost,Coma Servera,AM,"368374,4605","368224,9065",Quercus ilex subsp. ballota,368468,4677965,1.404646002,42.2409501,,N,"normal, típic, ordinari",418501
04.239.01,Alzina de Can Cotet,04.239.01,"Alt Urgell, l'",1995,"Valls de Valira, les",La Farga de Moles,davant la borda Caballé,AM,"373406,6244","373256,7576",Quercus ilex subsp. ilex,373500,4698595,1.461093767,42.4275118,,N,"normal, típic, ordinari",423901
02.228.01,"Alzines Bessones de Mas Nebot I, II",02.228.01,"Alt Empordà, l'",1988,Vilanant,,Camí al Mas Nebot,AM,"489541,6403","489392,0888",Quercus ilex subsp. ilex,489635,4677798,2.873220576,42.2504641,,N,"normal, típic, ordinari",222801
02.228.01a,Alzines Bessones de Mas Nebot I,02.228.01,"Alt Empordà, l'",1988,Vilanant,,Camí al Mas Nebot,AM (part),"489541,6403","489392,0888",Quercus ilex subsp. ilex,489635,4677798,2.873220576,42.2504641,,N,"normal, típic, ordinari",0222801a
02.228.01b,Alzines Bessones de Mas Nebot II,02.228.01,"Alt Empordà, l'",1988,Vilanant,,Camí al Mas Nebot,AM (part),"489541,6403","489392,0888",Quercus ilex subsp. ilex,489635,4677798,2.873220576,42.2504641,,N,"normal, típic, ordinari",0222801b
03.091.01,Roure de Can Llopart de Dalt,,"Alt Penedès, l'",,Gelida,,A la vora d'una petita carretera. Uns 15 m abans d'arribar a la rampa d'entrada de l'Antic Mas Pere Miquel. Pol 19 Parc 159 subparc b.,AM probable,"403945,8304","403797,6429",Quercus pubescens,404040,4587820,1.850307939,41.4343700,,N,"normal, típic, ordinari",309101
03.091.31,Lledoner de Can Ginebreda,,"Alt Penedès, l'",,Gelida,,Can Ginebreda,AM probable,"405066,8213","404918,6553",Celtis australis,405161,4586408,1.863944491,41.4217870,,N,"normal, típic, ordinari",309131
03.288.01,Ametller de Can Cervera,03.288.01,"Alt Penedès, l'",1991,Torrelles de Foix,Torrelles de Foix,Can Cervera,AM,"380460,7595","380312,6436",Prunus dulcis,380555,4583094,1.570219506,41.3886629,,N,"normal, típic, ordinari",328801
07.010.01,Alzina del Mas Pujol (Nou),07.010.01,"Bages, el",1995,Artés,,Mas Pujol Nou,"AM, AL","411467,1541","411318,3417",Quercus ilex subsp. ilex,411561,4629046,1.934220602,41.8065039,,N,"normal, típic, ordinari",701001
05.043.01,Avet de la Cremada,05.043.01,"Alta Ribagorça, l'",1995,Vall de Boí,,"la Cremada, barranc de Llacs",AM,"328859,6655","328709,5834",Abies alba,328953,4712791,0.915630558,42.5467322,,N,"normal, típic, ordinari",504301
05.043.02,Avet del Barranc de Morrano,05.043.02,"Alta Ribagorça, l'",1995,Vall de Boí,,Barranc de Morrano,AM,"329354,6675","329204,5828",Abies alba,329448,4712968,0.921602608,42.5484346,,N,"normal, típic, ordinari",504302
05.043.03,Pi de Peixerani,05.043.03,"Alta Ribagorça, l'",1995,Vall de Boí,,"Barranc de Peixerani, vora de l'estany Llong",AM,"332213,6912","332063,5678",Pinus uncinata,332307,4715522,0.955652180,42.5720467,,N,"normal, típic, ordinari",504303
05.043.04,"Grèvols de les Llaveades I, II",05.043.04,"Alta Ribagorça, l'",1995,Vall de Boí,,les Covetes,AM,"327931,6691","327781,577",Ilex aquifolium,328025,4713454,0.904135840,42.5524930,,N,"normal, típic, ordinari",504304
05.043.04a,Grèvol de les Llaveades I,05.043.04a,"Alta Ribagorça, l'",1995,Vall de Boí,,les Covetes,AM (part),"327931,6691","327781,577",Ilex aquifolium,328025,4713454,0.904135840,42.5524930,,N,"normal, típic, ordinari",0504304a
05.043.04b,Grèvol de les Llaveades II,05.043.04b,"Alta Ribagorça, l'",1995,Vall de Boí,,les Covetes,AM (part),"327931,6691","327781,577",Ilex aquifolium,328025,4713454,0.904135840,42.5524930,,N,"normal, típic, ordinari",0504304b
05.245.01,Om del Trinquet,05.245.01,"Alta Ribagorça, l'",1990,Vilaller,Vilaller,carrer del Trinquet,AM,"312257,5856","312107,6137",Ulmus minor,312351,4705527,0.715960827,42.4775116,Moribund. El tronc principal morí a finals del anys noranta. L'any 2008 va sortir un petit rebrot.,MI,mort i en queden restes al lloc (in situ),524501
06.028.01,Pi Gros de Can Gallego,06.028.01,"Anoia, l'",1991,Cabrera d'Igualada,,Can Gallego,AM,"394792,8527","394644,5932",Pinus pinea,394887,4592575,1.739949734,41.4760442,25-07-1995. es trencà una gran branca. 08-09-1999: Un llamp li ocasionà una gran cicatriu helicoïdal que el va ferir de mort. L'any 2009 es va tallar pel perill que representava i es va deixar una gran part del tronc com a mostra.,MI,mort i en queden restes al lloc (in situ),602801
06.104.01,Roure d'Ancosa,06.104.01,"Anoia, l'",1990,"Llacuna, la",,Plana d'Ancosa,AM,"374027,8004","373879,5834",Quercus × cerrioides,374122,4589768,1.491911415,41.4477775,,N,"normal, típic, ordinari",610401
06.161.00,Pineda de Cal Ferrer del Coll,06.161.01,"Anoia, l'",1995,Piera,el Badorc,Cal Ferrer del Coll,DM,"392773,8707","392625,5692","Pinus halepensis, P. pinea",392868,4595342,1.715282221,41.5006944,24/04/2009: El cicló Klaus va fer caure i malmetre diversos arbres,,,616100
06.161.01,Pins blancs de Cal Ferrer del Coll,06.161.00,"Anoia, l'",1995,Piera,el Badorc,Cal Ferrer del Coll,DM (part),"392773,8707","392625,5692",Pinus halepensis,392868,4595342,1.715282221,41.5006944,,,,616101
06.161.11,Pins pinyers de Cal Ferrer del Coll,,"Anoia, l'",,Piera,El Badorc,Cal Ferrer del Coll,DM (part),"392773,8707","392625,5692",Pinus pinea,392868,4595342,1.715282221,41.5006944,,,,616111
06.226.01,Alzina de Can Gol,06.226.01,"Anoia, l'",2000,Sant Martí de Tous,,Can Gol,AM,"375921,8803","375773,5093",Quercus ilex subsp. ballota,376016,4599928,1.512487248,41.5395575,,N,"normal, típic, ordinari",622601
07.047.01,Pi del Rèvol,07.047.01,"Bages, el",1995,Cardona,,Cal Rovelló,AM,"386227,2133","386078,207",Pinus nigra subsp. salzmannii,386321,4641836,1.627990317,41.9184505,Va morir en els incendis del 18 al 21 de juliol de 1998.,ME,mort i en queden restes a un altre lloc (ex situ),704701
07.084.01,Alzina Grossa de Querol,07.084.01,"Bages, el",1991,Fonollosa,,Mas Querols,AM,"389816,0843","389667,3468",Quercus ilex subsp. ilex,389910,4624104,1.674557287,41.7592911,,N,"normal, típic, ordinari",708401
07.127.01,Plàtan d'en Gibert,07.127.01,"Bages, el",1997,Monistrol de Montserrat,,Carretera de Monistrol a Montserrat,AM,"403767,9779","403619,4948",Platanus × hispanica,403862,4607325,1.845060153,41.6100030,,N,"normal, típic, ordinari",712701
07.138.01,Roure del Massot,07.138.01,"Bages, el",1991,Moià,,el Massot,AM,"427200,1811","427051,3617",Quercus pubescens,427294,4629504,2.123538760,41.8122285,,N,"normal, típic, ordinari",713801
07.178.01,Lledoner de l'Estació,07.178.01,"Bages, el",1991,Rajadell,,Estació,AM,"391794,0643","391645,3727",Celtis australis,391888,4621075,1.698896066,41.7322876,Les ventades del cicló Klaus (24-01-2009) van esqueixar-lo i van reduïr la capçada considerablement.,N,"normal, típic, ordinari",717801
08.007.01,Alzina del Mas de Borbó,08.007.01,"Baix Camp, el",1988,"Aleixar, l'",,Mas de Borbó,AM,"338756,5573","338608,7212",Quercus ilex subsp. ilex,338851,4564638,1.076530636,41.2152351,,N,"normal, típic, ordinari",800701
08.007.02,Pi de les Planes,08.007.02,"Baix Camp, el",1990,"Aleixar, l'",,Camí de les Planes,AM,"336193,5502","336045,7207",Pinus pinea,336288,4564209,1.046088420,41.2108585,,N,"normal, típic, ordinari",800702
08.116.01,Perelloner del Cisterer,08.116.01,"Baix Camp, el",1991,Prades,,"Cap del Plans. A mà dreta de la carretera que va de Prades a Capafons, punt kilomètric 35,6 km.",AM,"331564,6163","331416,6407",Pyrus spinosa,331659,4573842,0.988245939,41.2966281,Les ventades del cicló Klaus (24-01-2009) li van trencar una bessa.,N,"normal, típic, ordinari",811601
08.123.01,Pi de Bofarull,08.123.01,"Baix Camp, el",1991,Reus,,Carretera de l'aeroport,AM,"344281,505","344133,79",Pinus pinea,344376,4556659,1.144433257,41.1444798,,N,"normal, típic, ordinari",812301
08.123.22,Lledoner del Mas de Carreres,08.123.01,"Baix Camp, el",2005,Reus,Bellissens,A l'est del Mas,"AM previst, AUC","342570,4973","342422,7926",Celtis australis,342665,4555978,1.124229759,41.1380186,,N,"normal, típic, ordinari",812322
08.129.01,Pi del Boter,08.129.01,"Baix Camp, el",1997,Riudoms,,"Alqueria, Mas del Boter",AM,"334061,4866","333913,7778",Pinus pinea,334156,4556246,1.022828748,41.1387368,"Arrencat per un bufarut, el 2001.",MX,mort i no en queden restes,812901
08.178.01,Cedre Borni (de la Casa Malla),08.178.01,"Baix Camp, el",,Vinyols i els Arcs,Vinyols,Casa Malla,AM previst,"335307,4685","335159,7997",Cedrus sp.,335402,4553603,1.038375404,41.1151962,24/04/2009: El cicló Klaus va ocasionar esquerdes al terra.,N,"normal, típic, ordinari",817801
09.008.01,Pi del Perillo,09.008.01,"Baix Ebre, el",2000,Alfara de Carles,,"Font de Perera, prop del xalet de Rapons",AM,"284611,2219","284463,8948",Pinus halepensis,284706,4531063,0.442908522,40.9004990,,N,"normal, típic, ordinari",900801
09.008.02,"Teixos de l'Enclusa I, II",09.008.02,"Baix Ebre, el",2005,Alfara de Carles,,L'Enclusa. Al barranc de la Paridora.,AM,"270555,1336","270407,9411",Taxus baccata,270650,4522191,0.279479573,40.8168479,Indret força inaccessible.,N,"normal, típic, ordinari",900802
09.008.02a,Teixos de l'Enclusa I,09.008.02,"Baix Ebre, el",2005,Alfara de Carles,,L'Enclusa,AM (part),"270555,1336","270407,9411",Taxus baccata,270650,4522191,0.279479573,40.8168479,,N,"normal, típic, ordinari",0900802a
09.008.02b,Teixos de l'Enclusa II,09.008.02,"Baix Ebre, el",2005,Alfara de Carles,,L'Enclusa,AM (part),"270555,1336","270407,9411",Taxus baccata,270650,4522191,0.279479573,40.8168479,,N,"normal, típic, ordinari",0900802b
09.008.03,"Roures dels Ullals I, II",09.008.03,"Baix Ebre, el",2005,Alfara de Carles,,"Font dels Ullals, vora la plaça de braus",AM,"277945,1782","277797,9186",Quercus faginea subsp. faginea,278040,4526611,0.365438068,40.8586551,,N,"normal, típic, ordinari",900803
09.008.03a,Roures dels Ullals I,09.008.03,"Baix Ebre, el",2005,Alfara de Carles,,"Font dels Ullals, vora la plaça de braus",AM (part),"277945,1782","277797,9186",Quercus faginea subsp. faginea,278040,4526611,0.365438068,40.8586551,,N,"normal, típic, ordinari",0900803a
09.008.03b,Roures dels Ullals II,09.008.03,"Baix Ebre, el",2005,Alfara de Carles,,"Font dels Ullals, vora la plaça de braus",AM (part),"277945,1782","277797,9186",Quercus faginea subsp. faginea,278040,4526611,0.365438068,40.8586551,,N,"normal, típic, ordinari",0900803b
09.133.01,"Teixos de Marturi I, II",09.133.01,"Baix Ebre, el",1992,Roquetes,,Marturi-Port de Caro,AM,"273259,1059","273111,9769",Taxus baccata,273354,4517996,0.313030364,40.7798497,,N,"normal, típic, ordinari",913301
09.133.01a,Teixos de Marturi I,09.133.01,"Baix Ebre, el",1992,Roquetes,,Marturi-Port de Caro,AM (part),"273259,1059","273111,9769",Taxus baccata,273354,4517996,0.313030364,40.7798497,Pràcticament només té vius els rebrots de soca. A uns 4 metres dins del tronc del teix surt un pi roig.,N,"normal, típic, ordinari",0913301a
09.133.01b,Teixos de Marturi II,09.133.01,"Baix Ebre, el",1992,Roquetes,,Marturi-Port de Caro,AM (part),"273259,1059","273111,9769",Taxus baccata,273354,4517996,0.313030364,40.7798497,,N,"normal, típic, ordinari",0913301b
09.155.01,Plàtan de Bítem,09.155.01,"Baix Ebre, el",1990,Tortosa,Bítem,Hort dels Hivernacles,AM,"290937,2056","290789,93",Platanus × hispanica,291032,4527676,0.519081693,40.8716559,,N,"normal, típic, ordinari",915501
09.155.02,Eucaliptus de Jesús,09.155.02,"Baix Ebre, el",1992,Tortosa,Jesús,Pati de l'Església de la Immaculada,AM,"290119,165","289971,9682",Eucalyptus camaldulensis,290214,4522475,0.511135913,40.8246380,,N,"normal, típic, ordinari",915502
09.155.35,Nouer americà de Remolins,09.155.03,"Baix Ebre, el",,Tortosa,,Remolins,AM previst,"291270,1642","291122,9724",Carya illinoinensis,291365,4522139,0.524885323,40.8219075,,N,"normal, típic, ordinari",915535
09.904.01,Om de Burjassénia,09.904.01,"Baix Ebre, el",1990,"Aldea, l'",,Burjassénia,AM,"296982,0961","296835,0576",Ulmus minor,297077,4512035,0.595842376,40.7323974,Un dels pocs oms que la grafiosi no ha fet desaparèixer.,N,"normal, típic, ordinari",990401
10.181.01,Pi Gros d'en Cama,10.181.01,"Baix Empordà, el",1991,Santa Cristina d'Aro,Romanyà de la Selva,330 metres al sud del poble,AM,"498578,3168","498429,4392",Pinus pinea,498672,4633344,2.982874447,41.8501527,També conegut com Pi de Romanyà.,N,"normal, típic, ordinari",1018101
10.181.91,Pi d'en Burc o Pi Gros de la Barraca,10.181.91,"Baix Empordà, el",,Santa Cristina d'Aro,,"vora les drassanes ""Solna""",H (arbre històric),"499330,288","499181,4703",Pinus pinea,499424,4629394,2.991937536,41.8145763,,H,arbre històric,1018191
10.197.01,Llentiscle de Torrent,10.197.01,"Baix Empordà, el",1991,Torrent,,Prop de l'encreuament de la C-255 amb la GI-652,AM,"510232,4148","510083,3761",Pistacia lentiscus,510326,4643974,3.123449708,41.9458296,,N,"normal, típic, ordinari",1019701
10.209.21,Olivera de Mas Ginesta,,"Baix Empordà, el",,Vall-llobrega,,Mas Ginesta,AM probable,"511421,3624","511272,432",Olea europaea var. europaea,511515,4636821,3.137655224,41.8813876,,N,"normal, típic, ordinari",1020921
10.901.01,Alzina de Mas Salelles,10.901.01,"Baix Empordà, el",1992,"Cruïlles, Monells i Sant Sadurní de l'Heura",Cruïlles,"Mas Salelles, vora del riu Daró",AM,"500624,3983","500475,3639",Quercus ilex subsp. ilex,500718,4643688,3.007533519,41.9433204,Morí el 2005.,MX,mort i no en queden restes,1090101
10.901.02,Arboç de Can Genoer,10.901.02,"Baix Empordà, el",2000,"Cruïlles, Monells i Sant Sadurní de l'Heura",,"Prop de Can Genoer, a la dreta del camí",AM,"498996,3585","498847,3988",Arbutus unedo,499090,4638764,2.987901185,41.8989706,,N,"normal, típic, ordinari",1090102
11.020.01,Alzina de Puigvoltor,11.020.01,"Baix Llobregat, el",1991,Begues,,Font de Puigmoltó,AM,"409785,74","409637,7507",Quercus ilex subsp. ilex,409880,4574744,1.922140860,41.3172835,,N,"normal, típic, ordinari",1102001
11.066.01,Alzina de Can Mitjans,11.066.01,"Baix Llobregat, el",1997,Castellví de Rosanes,,Horts de Can Mitjans,"AM, AL","411559,8501","411411,6459",Quercus ilex subsp. ilex,411654,4588924,1.941264598,41.4451867,Morí el 1999.,MX.H,"mort i no en queden restes, ara històric",1106601
11.068.01,Lledoner del Mas del Lledoner,11.068.01,"Baix Llobregat, el",2000,Cervelló,,Mas el Lledoner,AM,"408435,8005","408287,6862",Celtis australis,408530,4582991,1.904770495,41.3914044,,N,"normal, típic, ordinari",1106801
11.076.01,Pi Gros del Salt,11.076.01,"Baix Llobregat, el",1995,Esparreguera,"Can Rial, urbanització",Torrent del Salt,AM,"404845,9111","404697,5649",Pinus pinea,404940,4598292,1.859426501,41.5287849,Mort a causa de l'atac d'un fong a les arrels.,MD·H,"mort i encara és dret, ara històric",1107601
12.090.01,Freixe d'Aiguaviva,12.090.01,"Baix Penedès, el",1990,"Montmell, el",Aiguaviva,Font d'Aiguaviva,AM,"374609,72","374461,6656",Fraxinus angustifolia,374704,4579046,1.501096073,41.3513220,,N,"normal, típic, ordinari",1209001
14.049.01,Alzina dels Colls,14.049.01,"Berguedà, el",,Casserres,,els Colls,AM previst,"403489,3101","403340,1618",Quercus ilex subsp. ballota,403583,4651202,1.834576373,42.0050874,,N,"normal, típic, ordinari",1404901
14.050.01,Pi de les Tres Branques I,14.050.01,"Berguedà, el",1987,Castellar del Riu,,Pla de Campllong,AM,"399296,393","399147,0663",Pinus sylvestris,399390,4662968,1.781931929,42.1105101,"Al 1746 ja va ser citat. L'any 1901 el propietari de l'abre, Tomàs Campà, el cedí a la Unió Catalanista. Estava mort el 1914.",N,"normal, típic, ordinari",1405001
14.050.02,Pi de les Tres Branques II (Pi Jove),14.050.02,"Berguedà, el",1987,Castellar del Riu,,Pla de Campllong,AM,"399058,3917","398909,067",Pinus sylvestris,399152,4662835,1.779076781,42.1092820,Conegut com Pi Jove.,N,"normal, típic, ordinari",1405002
14.190.01,Avet de les Molleres de Gresolet,14.190.01,"Berguedà, el",,Saldes,Gresolet,Les Molleres de Gresolet,AM previst,"392618,5059","392468,9335",Abies alba,392712,4679175,1.698187840,42.2555538,,N,"normal, típic, ordinari",1419001
14.190.02,Faig Gros de les Molleres de Gresolet,14.190.02,"Berguedà, el",,Saldes,Gresolet,Les Molleres de Gresolet,AM previst,"392671,5066","392521,9329",Fagus sylvatica,392765,4679260,1.698814485,42.2563264,,N,"normal, típic, ordinari",1419002
14.190.03,"Faigs del Clot de l'Om de Gresolet I, II, III, IV",14.190.03,"Berguedà, el",,Saldes,Gresolet,Les Molleres de Gresolet,AM previst,"393465,5089","393315,9331",Fagus sylvatica,393559,4679396,1.708413121,42.2576597,,N,"normal, típic, ordinari",1419003
15.061.01,"Avets de Das I, II, III",15.061.01,"Cerdanya, la",1991,Das,Das,Ca n 'Arderiu,AM,"407016,616","406866,8665",Abies sp.,407110,4690856,1.870825895,42.3625820,"AM_15.061.21_Avets de Das I, II i III.pdf",N,"normal, típic, ordinari",1506101
15.061.01a,Avets de Das I,15.061.01a,"Cerdanya, la",1991,Das,Das,Ca n 'Arderiu,AM,"407016,616","406866,8665",Abies sp.,407110,4690856,1.870825895,42.3625820,"Grup de 3 avets d'espècies diferents. Inicialment el grup era de 4, però cap al 1950 el quart exemplar fou mort per un llamp.",N,"normal, típic, ordinari",1506101a
15.061.01b,Avets de Das II,15.061.01b,"Cerdanya, la",1991,Das,Das,Ca n 'Arderiu,AM (part),"407016,616","406866,8665",Abies sp.,407110,4690856,1.870825895,42.3625820,,N,"normal, típic, ordinari",1506101b
15.061.01c,Avets de Das III,15.061.01c,"Cerdanya, la",1991,Das,Das,Ca n 'Arderiu,AM (part),"407016,616","406866,8665",Abies sp.,407110,4690856,1.870825895,42.3625820,,N,"normal, típic, ordinari",1506101c
21.003.01,Alzina de Can Rosselló,21.003.01,"Maresme, el",1992,Alella,,"Can Rosselló, vora la riera de Coma Clara.",AM,"441254,9413","441106,6435",Quercus ilex subsp. ilex,441349,4595098,2.296117383,41.5035151,,N,"normal, típic, ordinari",2100301
22.156.01,"Fargues de l'Arion I, II",22.156.01,"Montsià, el",1997,Ulldecona,,l'Arion,AM,"282137,987","281991,1223",Olea europaea var. europaea,282233,4500571,0.424197390,40.6254329,,N,"normal, típic, ordinari",2215601
22.156.01a,Farga de l'Arion I,22.156.01,"Montsià, el",1997,Ulldecona,,l'Arion,AM (part),"282137,987","281991,1223",Olea europaea var. europaea,282233,4500571,0.424197390,40.6254329,,N,"normal, típic, ordinari",2215601a
22.156.01b,Farga de l'Arion II,22.156.01,"Montsià, el",1997,Ulldecona,,l'Arion,AM (part),"282140,9871","281994,1222",Olea europaea var. europaea,282236,4500576,0.424231096,40.6254787,,N,"normal, típic, ordinari",2215601b
16.176.01,"Cedres del Jardí dels Salesians II, III",16.176.01,"Conca de Barberà, la",,Vimbodí,Poblet,Jardí dels Salesians,AM previst,"339439,6975","339291,583",Cedrus atlantica,339534,4583010,1.079828839,41.3807690,24/04/2009: El cicló Klaus va fer caure el Cedre I.,N,"normal, típic, ordinari",1617601
17.231.01,Pi de la Palanca,17.231.01,"Garraf, el",1991,Sant Pere de Ribes,"Les Roquetes (barri, entitat)",Davant l'església vella,AM,"396593,6723","396445,779",Pinus halepensis,396688,4568418,1.765632162,41.2587307,,N,"normal, típic, ordinari",1723101
17.231.02,Mata de la Mata,17.231.02,"Garraf, el",1992,Sant Pere de Ribes,,la Mata,AM,"396673,6561","396525,7954",Pistacia lentiscus,396768,4566268,1.766950864,41.2393785,,N,"normal, típic, ordinari",1723102
17.307.01,Pi Gros de Vilanova i la Geltrú,17.307.01,"Garraf, el",1997,Vilanova i la Geltrú,,Torrent del Padroell/ Camí de la Parellada,"AM, AC, AL","392337,6532","392189,7854",Pinus pinea,392432,4566740,1.715135907,41.2430637,,N,"normal, típic, ordinari",1730701
18.180.01,"Plataners de Pinell I, II",18.180.01,"Garrigues, les",2005,Puiggròs,Puiggròs,Partida Pinell,AM,"323085,827","322937,4047",Platanus × hispanica,323180,4603310,0.878420271,41.5600687,,N,"normal, típic, ordinari",1818001
18.180.01a,Plataners de Pinell I,18.180.01,"Garrigues, les",2005,Puiggròs,Puiggròs,Partida Pinell,AM (part),"323093,827","322945,4047",Platanus × hispanica,323188,4603312,0.878515556,41.5600884,,N,"normal, típic, ordinari",1818001a
18.180.01b,Plataners de Pinell II,18.180.01,"Garrigues, les",2005,Puiggròs,Puiggròs,Partida Pinell,AM (part),"323077,8269","322929,4047",Platanus × hispanica,323172,4603307,0.878325280,41.5600399,,N,"normal, típic, ordinari",1818001b
19.109.01,"Roures d'Ormoier I, II, III",19.109.01,"Garrotxa, la",1988,Montagut,Oix,Pla de Plancesilles,AM (grup),"461588,6398","461439,0057",Quercus robur,461682,4683241,2.534009641,42.2986103,III: Va morir el 1996.,N,"normal, típic, ordinari",1910901
19.109.01A,Roure d'Ormoier I,19.109.01A,"Garrotxa, la",1988,Montagut,Oix,Pla de Plancesilles,AM (part),"461588,6398","461439,0057",Quercus robur,461682,4683241,2.534009641,42.2986103,,N,"normal, típic, ordinari",1910901A
19.109.01B,Roure d'Ormoier II,19.109.01B,"Garrotxa, la",1988,Montagut,Oix,Pla de Plancesilles,AM (part),"461588,6398","461439,0057",Quercus robur,461682,4683241,2.534009641,42.2986103,,N,"normal, típic, ordinari",1910901B
19.109.01C,Roure d'Ormoier III,19.109.01C,"Garrotxa, la",1988,Montagut,Oix,Pla de Plancesilles,AM (part),"461588,6398","461439,0057",Quercus robur,461682,4683241,2.534009641,42.2986103,Va morir el 1996,N,"normal, típic, ordinari",1910901C
19.114.01,Roureda del Parc Nou,19.114.01,"Garrotxa, la",1990,Olot,,Parc Nou,DM,"457016,5262","456867,1056",Quercus robur,457110,4669159,2.479587702,42.1715502,26/12/2008: Les nevades humides de Sant Esteve van provacar el trencament de moltes branques.,,,1911401
19.133.01,Roure de la Xoriguera,19.133.01,"Garrotxa, la",1995,"Planes d'Hostoles, les",,"la Xoriguera (camí de la casa de la Coma, passats un vern i un freixe, és el camí de l'esquerra)",AM,"461479,4208","461330,2244",Quercus pubescens,461573,4654372,2.534594448,42.0386073,,N,"normal, típic, ordinari",1913301
19.154.01,Teix del Torrent de l'Orri,19.154.01,"Garrotxa, la",2000,Sales de Llierca,,Torrent de l'Orri. Sot delsTeixos,AM,"470827,6396","470678,0335",Taxus baccata,470921,4681394,2.646184169,42.2823762,,N,"normal, típic, ordinari",1915401
19.207.01,Roure de la Mestressa,19.207.01,"Garrotxa, la",1992,"Vall d'en Bas, la",Hostalets de Bas,"Pujolriu (hi ha una cadena a la pista que va a Falgars, per arribar-hi  s'ha de donar la volta per la carretera principal que surt del poble).",AM,"454022,4403","453873,1826",Quercus pubescens,454116,4658416,2.444185344,42.0746281,Va caure el setembre de 2007,N,"normal, típic, ordinari",1920701
19.208.01,"Roures de Can Planes I, II",19.208.01,"Garrotxa, la",1991,"Vall de Bianya, la",Castellar de la Muntanya,Can Planes Marge damunt riera de Carreres i prop casa,AM,"458241,5932","458092,0423",Quercus pubescens,458335,4677762,2.493801115,42.2490950,,N,"normal, típic, ordinari",1920801
19.208.01a,Roures de Can Planes I,19.208.01,"Garrotxa, la",1991,"Vall de Bianya, la",Castellar de la Muntanya,"Ctra Castellfollit Roca-Oix, pk 7,9 trencant cap a Sant Pau. 6km, trencat a l'esquerra, 50m a bifurcació i a l'esquerra, 250m casa i arbres",AM (part),"458241,5932","458092,0423",Quercus pubescens,458335,4677762,2.493801115,42.2490950,,N,"normal, típic, ordinari",1920801a
19.208.01b,Roure de Can Planes II,19.208.01b,"Garrotxa, la",1991,"Vall de Bianya, la",Castellar de la Muntanya,"Can Planes, Riera de Carreres",AM (part),"458235,593","458086,0425",Quercus pubescens,458329,4677730,2.493730687,42.2488065,,N,"normal, típic, ordinari",1920801b
19.208.02,Roure de la Torre,19.208.02,"Garrotxa, la",2005,"Vall de Bianya, la",Sant Pere Despuig,Mas de la Torre,AM,"453634,5514","453485,0704",Quercus robur,453728,4673147,2.438325134,42.2072731,,N,"normal, típic, ordinari",1920802
20.089.01,Pi de Can Salvador,20.089.01,"Gironès, el",1997,Llagostera,,Can Salvador,AM,"496653,3171","496504,4332",Pinus pinea,496747,4633760,2.959682580,41.8538940,"També conegut com a Pi de Can Morató o Pi Gros d'en Salvador. És probable que l'arbre fes de fita divisòria entre els termes de Llagostera (Gironès) i Santa Cristina d'Aro (Baix Empordà), tot formant part de Llagostera.",N,"normal, típic, ordinari",2008901
21.030.01,Garrofer de Montcabrer,21.030.01,"Maresme, el",1990,Cabrils,urbanització Montcabrer,"darrera de Can Roldós, vora club tenis Montcabrer","AM, AC","448107,968","447959,6372",Ceratonia siliqua,448202,4597274,2.378037821,41.5235869,"Té una placa antiga amb la inscripció:""Garrofé de Mataró""",N,"normal, típic, ordinari",2103001
21.075.01-A,Alzina de Can Farrerons,21.075.01,"Maresme, el",1988,Dosrius,,Can Farrerons,"AM, AC","453734,0644","453585,5577",Quercus ilex subsp. ilex,453828,4608880,2.444572494,41.6284658,,N,"normal, típic, ordinari",2107501-A
21.075.02,Gatell de Ca l'Arenes,21.075.02,"Maresme, el",1990,Dosrius,,Ca l'Arenes,"AM, AC","455105,0601","454956,566",Salix cinerea subsp. oleifolia,455199,4608050,2.461093010,41.6210683,Va caure cap al 2005. Queden restes de fusta desfeta.,N,"normal, típic, ordinari",2107502
21.230.01,Cuprés de Can Figueres,21.230.01,"Maresme, el",1995,Premià de Dalt,,Can Figueres,"AM, AC, AL","445495,9482","445347,6493",Cupressus macrocarpa,445590,4595172,2.346923144,41.5044811,Al 1991 una ventada li va trencar 5 branques.,N,"normal, típic, ordinari",2123001
22.014.01,Auba de la Descàrrega,22.014.01,"Montsià, el",1990,Amposta,,"la Descàrrega, vora l'Ebre",AM,"295477,0798","295330,0694",Populus alba,295572,4510181,0.578640102,40.7153379,"Les ventades del cicló Klaus (24-01-2009) el van mig tombar però desprès es va adreçar, escapçar i li van tallat totes les branques. Queda com una columna, morta.",MI,mort i en queden restes al lloc (in situ),2201401
22.044.01,Faig Pare (Faig del Retaule),22.044.01,"Montsià, el",1992,"Sénia, la",,el Retaule,AM,"270021,0783","269873,9948",Fagus sylvatica,270116,4515004,0.275799903,40.7520272,,N,"normal, típic, ordinari",2204401
22.044.02,Pi Gros (del Retaule),22.044.02,"Montsià, el",1992,"Sénia, la",,el Retaule,AM,"269069,0734","268921,9969",Pinus nigra subsp. salzmannii,269164,4514538,0.264707159,40.7475674,,N,"normal, típic, ordinari",2204402
22.044.03,Carrasca Grossa de les Vallcaneres,22.044.03,"Montsià, el",1992,"Sénia, la",,"Les Vallcaneres, font de la Carrasca Grossa",AM,"268156,0766","268008,9909",Quercus ilex subsp. ballota,268251,4515149,0.253678480,40.7528087,,N,"normal, típic, ordinari",2204403
22.044.04,Teix de la Coscollosa,22.044.04,"Montsià, el",2005,"Sénia, la",,"Barranc de la Coscollosa (afluent del Matarranya), marge esquerre del riu. Refalguerí (forest CUP 3).",AM,"265307,0807","265159,9784",Taxus baccata,265402,4516240,0.219558807,40.7618180,,N,"normal, típic, ordinari",2204404
22.156.02,Xop del Barri del Castell,22.156.02,"Montsià, el",2005,Ulldecona,,"Barri del Castell, a tocar del marge esquerre del riu la Sénia","AM, AL","275751,9646","275605,1257",Populus sp. hybr.,275847,4498865,0.349377825,40.6083727,,N,"normal, típic, ordinari",2215602
22.902.01,Baladre de Balada,22.902.01,"Montsià, el",1990,Sant Jaume d'Enveja,,Balada,AM,"304314,0882","304167,0874",Nerium oleander,304409,4509545,0.683377362,40.7117591,,N,"normal, típic, ordinari",2290201
23.002.01,Roure dels Escurçons,23.002.01,"Noguera, la",1997,Àger,,Montsec de Calafí (a uns 50 m al nord del Corral Vell de Calafí).,AM,"319346,2213","319196,9992",Quercus faginea subsp. faginea,319440,4656065,0.817547404,42.0340545,,N,"normal, típic, ordinari",2300201
23.002.02,Roure del Corp de Montardit,23.002.02,"Noguera, la",1997,Àger,,Corp de Montardit. Vora la carretera C-12 al km 200.,AM,"313626,1877","313477,0157",Quercus faginea subsp. faginea,313720,4652758,0.749545354,42.0029585,,N,"normal, típic, ordinari",2300202
23.037.33,Alzina dels Pous,23.037.01,"Noguera, la",,"Avellanes i Santa Linya, les",,Lo Pou. L'alzina està situada en un camp de conreu.,AM previst,"312613,106","312464,0944",Quercus ilex subsp. ballota,312707,4642184,0.740686827,41.9075550,,N,"normal, típic, ordinari",2303733
23.042.01,Alzinera de Cal Penjat,23.042.01,"Noguera, la",1990,"Baronia de Rialb, la",El Puig,Cal Penjat,AM,"350400,2949","350251,0183",Quercus ilex subsp. ballota,350494,4659664,1.191588977,42.0729707,,N,"normal, típic, ordinari",2304201
24.026.01,Ginebró de Casademont,24.026.01,Osona,1988,"Brull, el",,Casademont,"AM, AUC","441268,2058","441119,379",Juniperus oxycedrus,441362,4629992,2.292846273,41.8177900,Decrèpit.,N,"normal, típic, ordinari",2402601
24.063.01,Alzina de Masjoan,24.063.01,Osona,1992,Espinelves,,Masjoan,AM,"450745,258","450596,3551",Quercus ilex subsp. ilex,450839,4635008,2.406530053,41.8636114,,N,"normal, típic, ordinari",2406301
24.063.02,Til·ler de Masjoan,24.063.02,Osona,1992,Espinelves,,Masjoan,AM,"450967,2632","450818,3505",Tilia platyphyllos,451061,4635658,2.409150957,41.8694794,,N,"normal, típic, ordinari",2406302
24.063.03,Auró de Masjoan,24.063.03,Osona,1992,Espinelves,,Masjoan,AM,"450964,2636","450815,3501",Acer campestre,451058,4635711,2.409110418,41.8699565,Morí el 1996.,N,"normal, típic, ordinari",2406303
24.063.04,Teix de Masjoan,24.063.04,Osona,1992,Espinelves,,Masjoan,AM,"451003,2633","450854,3506",Taxus baccata,451097,4635663,2.409584326,41.8695267,,N,"normal, típic, ordinari",2406304
24.063.05,Castanyer d'Índia de Masjoan,24.063.05,Osona,1992,Espinelves,,Masjoan,AM,"450956,2636","450807,3501",Aesculus hippocastanum,451050,4635713,2.409013855,41.8699741,Morí cap al 2005.,N,"normal, típic, ordinari",2406305
24.063.06,Avet de Masjoan,24.063.06,Osona,1992,Espinelves,,"Masjoan. Situat a 150 metres al nord de la casa, després de les sequoies.",AM,"451269,2644","451120,3502",Abies alba,451363,4635760,2.412781512,41.8704167,,N,"normal, típic, ordinari",2406306
24.063.07,Sequoia de Masjoan,24.063.07,Osona,1992,Espinelves,,Masjoan,AM,"451215,2644","451066,3501",Sequoiadendron giganteum,451309,4635770,2.412130005,41.8705034,,N,"normal, típic, ordinari",2406307
24.063.08,Cedre de Masjoan,24.063.08,Osona,1992,Espinelves,,Masjoan,AM,"451336,264","451187,3509",Cedrus atlantica,451430,4635686,2.413594926,41.8697543,,N,"normal, típic, ordinari",2406308
24.201.01,Roure de la Senyora,24.201.01,Osona,1988,Sant Boi de Lluçanès,,el Vilar,AM,"429728,3982","429579,1521",Quercus pubescens,429822,4657651,2.150616184,42.0659425,Conegut també com a Roure del Vilar.,N,"normal, típic, ordinari",2420101
24.212.01,Faig del Pla Petit de Fontcoberta,24.212.01,Osona,1992,Vidrà,Siuret,Fontcoberta,AM,"445061,4948","444912,1013",Fagus sylvatica,445155,4667372,2.335021714,42.1547098,,N,"normal, típic, ordinari",2421201
24.212.02,Faig de Can Font,24.212.02,Osona,1992,Vidrà,Siuret,Can Font,AM,"445513,4872","445364,1103",Fagus sylvatica,445607,4666284,2.340594013,42.1449429,,N,"normal, típic, ordinari",2421202
24.212.03,Roure de la Creu de l'Arç,24.212.03,Osona,1997,Vidrà,Creu de l'Arç,Creu de l'Arç,"AM, AL","443288,4669","443139,1239",Quercus pubescens,443382,4664044,2.313885981,42.1246121,,N,"normal, típic, ordinari",2421203
24.233.01,"Faigs de la Grevolosa I, II, III",24.233.01,Osona,1991,Sant Pere de Torelló,,la Grevolosa,AM,"448353,4577","448204,1483",Fagus sylvatica,448447,4661825,2.375356484,42.1049776,,N,"normal, típic, ordinari",2423301
24.233.01a,Faig de la Grevolosa I,24.233.01a,Osona,1991,Sant Pere de Torelló,,la Grevolosa,AM (part),"448353,4577","448204,1483",Fagus sylvatica,448447,4661825,2.375356484,42.1049776,,N,"normal, típic, ordinari",2423301a
24.233.01b,Faig de la Grevolosa II,24.233.01b,Osona,1991,Sant Pere de Torelló,,la Grevolosa,AM (part),"448353,4577","448204,1483",Fagus sylvatica,448447,4661825,2.375356484,42.1049776,,N,"normal, típic, ordinari",2423301b
24.233.01c,Faig de la Grevolosa III,24.233.01c,Osona,1991,Sant Pere de Torelló,,la Grevolosa,AM (part),"448353,4577","448204,1483",Fagus sylvatica,448447,4661825,2.375356484,42.1049776,,N,"normal, típic, ordinari",2423301c
24.254.01,Roure de Carboneres,24.254.01,Osona,1988,Santa Maria de Corcó,,Carboneres,AM,"446958,395","446809,2068",Quercus pubescens,447052,4653834,2.359208984,42.0329176,Morí cap al 1997.,N,"normal, típic, ordinari",2425401
24.320.04,Avet de Numídia del Noguer,24.320.04,Osona,1990,Viladrau,,el Noguer,AM,"449368,2358","449219,3732",Abies numidica,449462,4632354,2.390166284,41.8396216,,N,"normal, típic, ordinari",2432004
26.901.01,Savina de Borente,26.901.01,"Pallars Sobirà, el",,"Vall de Cardós, la",Ribera de Cardós,Abans d'arribar a Ribera de Cardós agafem una pista i abans d'arribar  a  la Borda de Mista Ramon parem i pugem un tros a peu.,"AM previst, AL","353925,7031","353775,6207",Juniperus thurifera,354019,4712815,1.220755893,42.5520924,,N,"normal, típic, ordinari",2690101
26.901.32,"Trèmols de Sovinyes I, II",,"Pallars Sobirà, el",,"Vall de Cardós, la",,Carretera d'Anàs a Estaon al talús aigua avall. Al mig d'una petita tremoleda.,AM probable,"353523,7274","353373,5952",Populus tremula,353617,4716100,1.215018868,42.5815859,,N,"normal, típic, ordinari",2690132
31.037.01,Avet de la Baga de la Berruga,31.037.01,"Ripollès, el",1991,Campelles,,prop del refugi del Pla dels Prats,AM,"427259,5733","427109,9696",Abies alba,427353,4681236,2.117831790,42.2781090,Arbre ja al final de la seva vida,N,"normal, típic, ordinari",3103701
31.037.02,Roure d'Engelats,31.037.02,"Ripollès, el",1997,Campelles,,Engelats,AM,"430432,5854","430282,967",Quercus petraea,430526,4682212,2.156191495,42.2871874,,N,"normal, típic, ordinari",3103702
31.037.03,Avet del Torrent de la Font Tosca,31.037.03,"Ripollès, el",2005,Campelles,,"Torrent de la Font Tosca, Bosc de Campelles (CUP 10).","AM, AC, AL","427470,5788","427320,9647",Abies alba,427564,4681924,2.120304311,42.2843242,,N,"normal, típic, ordinari",3103703
31.039.31,Auró blanc del Remei,31.039.01,"Ripollès, el",,Camprodon,Colònia Estebanell,Ermita del Remei,AM probable,"448493,6143","448343,9921",Acer campestre,448587,4682463,2.375223320,42.2908492,,N,"normal, típic, ordinari",3103931
24.269.01,Pinsap del Sors,24.269.01,Osona,1997,Seva,,el Sors,AM,"440366,2216","440217,3605",Abies pinsapo,440460,4632252,2.281759354,41.8380768,,N,"normal, típic, ordinari",2426901
24.269.02,Cuprés de Can Vives,24.269.02,Osona,2000,Seva,,Can Vives,AM,"440495,2242","440346,3583",Cupressus macrocarpa,440589,4632572,2.283280812,41.8409685,,N,"normal, típic, ordinari",2426902
24.275.01,Alzina de Masgrau,24.275.01,Osona,1988,Tavèrnoles,,Masgrau,AM,"446324,3206","446175,2793",Quercus ilex subsp. ilex,446418,4644146,2.352434176,41.9456233,,N,"normal, típic, ordinari",2427501
26.017.03a,Avet de Forns I,26.017.03a,"Pallars Sobirà, el",,Alins,Àreu,Passat el poble d’Àreu s’agafa la pista forestal cap al Bosc d’Àreu. A 30m de la pista.,AM previst,"361764,7403","361614,607",Abies alba,361858,4716173,1.315383907,42.5837628,,N,"normal, típic, ordinari",2601703a
26.017.03b,Avet de Forns II,26.017.03b,"Pallars Sobirà, el",,Alins,Alins,Passat el poble d’Àreu s’agafa la pista forestal cap al Bosc d’Àreu. A 30m de la pista.,AM (part),"361780,7403","361630,6069",Abies alba,361874,4716180,1.315577115,42.5838287,,N,"normal, típic, ordinari",2601703b
34.164.01,Pi del Soler (de Mansolí),34.164.01,"Selva, la",1991,Sant Hilari Sacalm,,el Solé,AM,"459881,3213","459732,3192",Pinus nigra subsp. salzmannii,459975,4641556,2.516161445,41.9231016,,N,"normal, típic, ordinari",3416401
34.164.02,Cirerer del Soler (de Mansolí),34.164.02,"Selva, la",1991,Sant Hilari Sacalm,,el Soler de Mansolí,AM,"460240,3218","460091,3197",Prunus avium,460334,4641560,2.520490647,41.9231558,,N,"normal, típic, ordinari",3416402
24.278.01,Alzina del Pujol,24.278.01,Osona,1988,Taradell,,el Pujol,AM,"442061,2564","441912,3308",Quercus ilex subsp. ilex,442155,4636512,2.301755993,41.8765691,,N,"normal, típic, ordinari",2427801
24.278.02,Plàtan de la Font Gran,24.278.02,Osona,1990,Taradell,,Font Gran,AM,"440810,2551","440661,3283",Platanus × hispanica,440904,4636587,2.286673240,41.8771520,,N,"normal, típic, ordinari",2427802
24.298.01,"Roures Grossos de la Carrera I, II",24.298.01,Osona,1988,Vic,la Guixa,la Carrera,AM,"435096,2624","434947,3039",Quercus pubescens,435190,4638678,2.217587005,41.8955356,,N,"normal, típic, ordinari",2429801
24.298.01 a,Roure de la Carrera I,24.298.01a,Osona,1988,Vic,la Guixa,la Carrera,AM (part),"435096,2624","434947,3039",Quercus pubescens,435190,4638678,2.217587005,41.8955356,,N,"normal, típic, ordinari",2429801 a
24.298.01b,Roure de la Carrera II,24.298.01b,Osona,1988,Vic,la Guixa,la Carrera,AM (part),"435167,2624","435018,3041",Quercus pubescens,435261,4638667,2.218444041,41.8954424,,N,"normal, típic, ordinari",2429801b
24.303.01,Sequoia de Tortadès,24.303.01,Osona,1990,Vilanova de Sau,,Tortadès,AM,"453426,2918","453277,3293",Sequoiadendron giganteum,453520,4638946,2.438521895,41.8992410,,N,"normal, típic, ordinari",2430301
24.320.01,Sequoia roja del Noguer,24.320.01,Osona,1990,Viladrau,,el Noguer,AM,"449325,2354","449176,3735",Sequoia sempervirens,449419,4632308,2.389652331,41.8392046,Rànquing: És la sequoia roja de canó més gruixut mesurada de Catalunya.,N,"normal, típic, ordinari",2432001
24.320.02,Avet noble del Noguer,24.320.02,Osona,1990,Viladrau,,el Noguer,AM,"449357,2357","449208,3733",Abies procera,449451,4632340,2.390034998,41.8394948,Es va plantar el 1898 i va morir el 2002.,N,"normal, típic, ordinari",2432002
24.320.03,Sequoia del Noguer,24.320.03,Osona,1990,Viladrau,,el Noguer,AM,"449328,2353","449179,3736",Sequoiadendron giganteum,449422,4632298,2.389689317,41.8391147,Les ventades del cicló Klaus (24-01-2009) van disminuir la capçada en 3 metres d'alçada.,N,"normal, típic, ordinari",2432003
24.903.01,Roure del Pla de Call,24.903.01,Osona,1988,Rupit i Pruit,,el Bac,AM,"453223,4133","453074,2072",Quercus pubescens,453317,4655015,2.434798175,42.0439511,Conegut també com a Roure del Bac de Collsacabra.,N,"normal, típic, ordinari",2490301
25.115.01,Alzina de Pelleu,25.115.01,"Pallars Jussà, el",1992,Isona i Conca Dellà,Galliner / Orcau,Serra de Coll / Pelleu,AM,"328600,3517","328450,8965",Quercus ilex subsp. ballota,328694,4671444,0.924761528,42.1745451,,N,"normal, típic, ordinari",2511501
25.171.01,Oma de la Borda del Ros,25.171.01,"Pallars Jussà, el",1988,"Pobla de Segur, la",,"Borda del Ros, km 84 (carretera Pobla - Gerri)",AM,"334981,4348","334831,8324",Ulmus glabra,335075,4681156,0.999215945,42.2633322,"Morí l'any 1994, segurament a causa de la malura de la grafiosi.",MX,mort i no en queden restes,2517101
25.904.01,Ginebre del Tuberic,25.904.01,"Pallars Jussà, el",1990,Castell de Mur,Mur,Alzinar de Miravet,AM,"320627,2843","320477,94",Juniperus oxycedrus,320721,4664125,0.830543129,42.1068884,,N,"normal, típic, ordinari",2590401
26.017.01,Avet del Pla de la Selva o de les Fonts,26.017.01,"Pallars Sobirà, el",1990,Alins,Àreu,a 500 m a l’est del Pla de la Selva,AM,"364646,7771","364496,5788",Abies alba,364740,4720460,1.349473159,42.6228651,Passat Àreu s'agafa la pista en direcció a Boet. A mà esquerra hi trobareu un cartell indicador de l'arbre.,N,"normal, típic, ordinari",2601701
26.017.02,Savina d'Arati,26.017.02,"Pallars Sobirà, el",,Alins,Alins,"A mig vessant amunt sobre la Borda d’Arati, situada a 100m al sud de Sta. Maria de la Torre. Accés difícil.",AM previst,"362570,7275","362420,6221",Juniperus thurifera,362664,4714336,1.325644610,42.5673702,"Carretera d'Alins a Àreu (km 10,8) trobem la borda d'Arati, pujar costa amunt uns 130 m de desnivell.",N,"normal, típic, ordinari",2601702
26.017.03,"Avets de Forns I, II",26.017.03,"Pallars Sobirà, el",,Alins,Àreu,"Des poble Força d’Àreu, itinerari de Costuix i GR-11 pel vessant oest amunt. Poc abans de les bordes de Costuix, ramal que porta fins els Avets.",AM previst,"361764,7403","361614,607",Abies alba,361858,4716173,1.315383907,42.5837628,,N,"normal, típic, ordinari",2601703
26.024.01,"Pins Orcs del Pletiu d'Aulà I, II, III, IV, V",26.024.01,"Pallars Sobirà, el",,Alt Àneu,Isil i Alós d'Isil,"Bosc del Pletiu d'Aulà, a 100m a l’oest de la cabana del Pletiu d’Aulà","AM previst, AL","343938,8622","343788,4318",Pinus sylvestris,344032,4735771,1.092870194,42.7567595,,N,"normal, típic, ordinari",2602401
26.024.02,"Avets de la Coma de Perosa I, II, III",26.024.02,"Pallars Sobirà, el",,Alt Àneu,Isil,"la Coma de Perosa, al costat del camí del Fornet a Montgarri","AM previst, AL","342926,8598","342776,4311",Abies alba,343020,4735660,1.080540703,42.7555540,,N,"normal, típic, ordinari",2602402
26.024.03,Avet de Cireres,26.024.03,"Pallars Sobirà, el",,Alt Àneu,Isil i Alòs d'Isil,Bosc de Cireres,"AM previst, AL","342625,8542","342475,4358",Abies alba,342719,4734982,1.077053111,42.7493900,Des del Pla de Perosa cal pujar un desnivell 170m en direcció s-w.,N,"normal, típic, ordinari",2602403
26.024.04,Pi Roi de Cireres,26.024.04,"Pallars Sobirà, el",,Alt Àneu,Isil i Alòs d'Isil,Bosc de Cireres,"AM previst, AL","342646,8543","342496,4358",Pinus sylvestris,342740,4734981,1.077309847,42.7493853,Des del Pla de Perosa cal pujar un desnivell 170m en direcció s-w.,N,"normal, típic, ordinari",2602404
26.039.01,Oma de Peramea,26.039.01,"Pallars Sobirà, el",1995,Baix Pallars,Peramea,plaça del poble,AM,"339160,4954","339010,7843",Ulmus glabra,339254,4688324,1.047864177,42.3287235,,N,"normal, típic, ordinari",2603901
26.082.01,Pi d'Amitges,26.082.01,"Pallars Sobirà, el",1990,Espot,,sota el refugi d'Amitges,AM,"334558,7142","334408,5518",Pinus uncinata,334652,4718092,0.983461560,42.5956831,,MD·H,"mort i encara és dret, ara històric",2608201
26.126.01,Clop de Bernat,26.126.01,"Pallars Sobirà, el",,Llavorsí,Llavorsí,De camí a l'ermita de Biuse,"AM previst, AL","353090,6388","352940,6825",Populus nigra,353184,4704495,1.212725235,42.4770418,,N,"normal, típic, ordinari",2612601
26.183.01,Til·ler dels Reguerals,26.183.01,"Pallars Sobirà, el",,Rialp,,"A pocs metres sobre la carretera de Port-Ainé, passada l’àrea de leure de Sant Miquel",AM previst,"353325,6092","353175,7128",Tilia platyphyllos,353419,4700548,1.216591337,42.4415571,,,,2618301
26.901.33,Alzina Barrera de Bonestarre,,"Pallars Sobirà, el",,"Vall de Cardós, la",Bonestarre,A un prat al costat de la carretera d'Anas a Estaon. Poc després del desviament de Bonestarre.,AM probable,"353601,7246","353451,5982",Quercus ilex,353695,4715718,1.216066960,42.5781622,,N,"normal, típic, ordinari",2690133
27.252.01,Plataner de Vila-sana,27.252.01,"Pla d'Urgell, el",1995,Vila-sana,,Camí de Palau d'Anglesola,AM,"327101,9178","326953,3259",Platanus × hispanica,327196,4614502,0.923321233,41.6616901,,N,"normal, típic, ordinari",2725201
28.071.01,Aulina Reclamadora de Puigsaguàrdia,28.071.01,"Pla de l'Estany, el",1991,Fontcoberta,,Mas Faras,AM,"483162,5368","483013,1732",Quercus ilex subsp. ilex,483256,4665399,2.796250050,42.1386836,Declarada amb el nom d'Alzina de Puig sa Guàrdia,N,"normal, típic, ordinari",2807101
28.071.02,Aulina Reclamadora de l'Omeda,28.071.02,"Pla de l'Estany, el",1991,Fontcoberta,,Mas Faras,AM,"483575,5364","483426,1748",Quercus ilex subsp. ilex,483669,4665264,2.801251545,42.1374765,Declarada amb el nom d'Alzina de l'Omeda,N,"normal, típic, ordinari",2807102
28.174.01,Castanyer del Pla de Sant Nicolau,28.174.01,"Pla de l'Estany, el",1991,Sant Miquel de Campmajor,,"pla de Sant Nicolau, darrera l'ermita",AM,"473942,4797","473793,2027",Castanea sativa,474036,4659692,2.684933831,42.0870326,,N,"normal, típic, ordinari",2817401
28.218.01,Alzina de la Casa Nova de Vilafreser,28.218.01,"Pla de l'Estany, el",1995,Vilademuls,Vilafreser,Casa Nova,AM,"490261,4965","490112,2346",Quercus ilex subsp. ilex,490355,4658693,2.882266376,42.0784060,Les nevades humides del 8-9 de març de 2010 van aterrar l'arbre.,N,"normal, típic, ordinari",2821801
29.049.01,Om del Parc,29.049.01,"Priorat, el",1991,Cornudella de Montsant,,Parc municipal,AM,"324408,5788","324260,6569",Ulmus minor,324503,4570304,0.903849254,41.2632553,Morí el 1999.,N,"normal, típic, ordinari",2904901
29.049.02,Alzina del Mas de la Barba,29.049.02,"Priorat, el",1997,Cornudella de Montsant,Siurana,Mas de la Barba,AM,"328977,591","328829,6582",Quercus ilex,329072,4571023,0.958157265,41.2707074,,N,"normal, típic, ordinari",2904902
29.049.03,Surera del Mas de les Moreres,29.049.03,"Priorat, el",2005,Cornudella de Montsant,,"Obaga del Mas de les Moreres, en un contrafort de la Serra del Molló, antigament vinyar i actualment repoblat",AM,"324261,5488","324113,6864",Quercus suber,324356,4566377,0.903226024,41.2278732,,N,"normal, típic, ordinari",2904903
29.049.36,Roure Gros d'Albarca (o de la Rasa),,"Priorat, el",,Cornudella de Montsant,Albarca,"Barranc de la Font.  Pol. 22; p.96,84 ( o Barranc de la Rasa), al NW d'Albarca (CF 24 74; 716)",AM probable,"324893,6123","324745,6247",Quercus faginea subsp. faginea,324988,4574637,0.908390118,41.3023653,,N,"normal, típic, ordinari",2904936
29.075.01,Teix de la Cova,29.075.01,"Priorat, el",1992,Margalef,,"Racó del Teix, al NE del cim de la Cogulla baixant un torrent",AM,"316440,5835","316292,6283",Taxus baccata,316535,4572495,0.808135323,41.2812069,,N,"normal, típic, ordinari",2907501
29.157.01,Saüquer de Fontalba,29.157.01,"Priorat, el",1988,Ulldemolins,,"Hort de Fontalba (l'últim camí abans del camping Montsant Park, sortint del poble al km 34,4 a mà dreta)",AM,"322363,6184","322215,6111",Sambucus nigra,322458,4575933,0.877811149,41.3134786,,N,"normal, típic, ordinari",2915701
30.019.01,Oliver de Pitó,30.019.01,"Ribera d'Ebre, la",,Ascó,,Pitó,AM previst,"296164,4626","296016,6886",Olea europaea var. europaea,296259,4560543,0.570206022,41.1687804,,N,"normal, típic, ordinari",3001901
30.060.01,Pi de Montbrió,30.060.01,"Ribera d'Ebre, la",1992,Flix,,Montbrió,AM,"290727,5075","290579,6274",Pinus halepensis,290822,4567545,0.503058323,41.2304094,,N,"normal, típic, ordinari",3006001
30.099.01,Pi de Cal Pino,30.099.01,"Ribera d'Ebre, la",1991,"Palma d'Ebre, la",,,AM,"304648,5736","304500,603",Pinus halepensis,304743,4573511,0.667110654,41.2875859,També conegut com Pi de la Palma.,N,"normal, típic, ordinari",3009901
30.150.01,Mata de Darmós,30.150.01,"Ribera d'Ebre, la",1997,Tivissa,Darmós,Plaça del poble,AM,"307225,4167","307077,7676",Pistacia lentiscus,307320,4552308,0.704538921,41.0973635,,N,"normal, típic, ordinari",3015001
31.096.01,Roure Glanic,31.096.01,"Ripollès, el",1995,"Llosses, les",,Llimós,AM,"423274,4641","423125,0669",Quercus pubescens,423368,4667620,2.071306258,42.1551132,,N,"normal, típic, ordinari",3109601
31.134.01,Avet del Torrent de la Comella,31.134.01,"Ripollès, el",2005,Planoles,,"Torrent de la Comella,  l'Avetar (CUP 27)","AM, AL","425134,584","424984,9526",Abies alba,425228,4683067,2.091826987,42.2943964,,N,"normal, típic, ordinari",3113401
31.145.01,Roure de Vilardell,31.145.01,"Ripollès, el",1992,Ribes de Freser,,Vilardell,AM,"432019,6293","431869,9279",Quercus petraea,432113,4687681,2.174796266,42.3365771,Les ventades del cicló Klaus (24-01-2009) el van afectar de manera irreversible,MI,mort i en queden restes al lloc (in situ),3114501
31.145.02,Roure de Perramon,31.145.02,"Ripollès, el",1995,Ribes de Freser,,"Perramon, a 100 m al nord de la casa.",AM,"431605,5766","431455,9793",Quercus pubescens,431699,4680822,2.170581882,42.2747738,Decrèpit.,N,"normal, típic, ordinari",3114502
31.145.03,Grèvol de Ventolà,31.145.03,"Ripollès, el",2005,Ribes de Freser,Ventolà,A l'entrada de Ventolà,"AM, AL","428797,6089","428647,9387",Ilex aquifolium,428891,4685627,2.135941995,42.3177926,,N,"normal, típic, ordinari",3114503
32.072.01,Lledoner de Castellnou d'Oluges,32.072.01,"Segarra, la",2000,Cervera,Castellnou d'Oluges,Plaça del Poble,"AM, AL","358359,9947","358211,3424",Celtis australis,358454,4618484,1.297640203,41.7037085,,N,"normal, típic, ordinari",3207201
33.120.01,Xop de Grenyana,33.120.01,"Segrià, el",,Lleida,Grenyana,"prop Torre de les Vaqueres, partida de Grenyana 20",AM previst,"304984,8673","304836,3102",Populus nigra,305079,4612203,0.658624354,41.6358964,,N,"normal, típic, ordinari",3312001
33.133.31,Pi del Pla de Perlet,33.133.01,"Segrià, el",,Maials,Maials,"L'arbre està situat al costat del camí
Cal millorar les coordenades.",AM previst,"288049,6309","287901,4961",Pinus halepensis,288144,4584345,0.465285126,41.3808951,,N,"normal, típic, ordinari",3313331
34.007.01,Alzina de les Famades,34.007.01,"Selva, la",1990,Amer,,les Famades,AM,"465350,4104","465201,2463",Quercus ilex subsp. ilex,465444,4652241,2.581488451,42.0195945,,N,"normal, típic, ordinari",3400701
34.007.02,Roure de Can Puig,34.007.02,"Selva, la",2000,Amer,Sant Climent d'Amer,"Can Puig, a uns 100 m al nord de la casa",AM,"470002,4079","469853,2627",Quercus pubescens,470096,4650996,2.637739701,42.0085723,,N,"normal, típic, ordinari",3400702
34.009.01,Arbre de la Llibertat,34.009.01,"Selva, la",1990,Arbúcies,,plaça de la Vila,AM,"459648,2308","459499,4089",Platanus × hispanica,459742,4629674,2.514161422,41.8160738,,N,"normal, típic, ordinari",3400901
34.009.02,Càdec del Boixaus,34.009.02,"Selva, la",1991,Arbúcies,,el Boixaus,AM,"454928,2207","454779,4049",Juniperus oxycedrus,455022,4629270,2.457365068,41.8121811,,N,"normal, típic, ordinari",3400902
34.009.03,Magnòlia del Roquer,34.009.03,"Selva, la",1992,Arbúcies,,jardí del Roquer,AM,"459673,2321","459524,4077",Magnolia grandiflora,459767,4629834,2.514451544,41.8175161,,N,"normal, típic, ordinari",3400903
34.101.01,Surolí de Cal Músic,34.101.01,"Selva, la",1995,Massanes,,Bosc de Cal Músic,AM,"468847,2134","468698,4538",Quercus × morisii,468941,4625558,2.625131574,41.7794162,"Quercus x morissi = Q. ilex x Q. suber, espècie híbrida entre alzina i surera.",N,"normal, típic, ordinari",3410101
34.116.01,Pi Gros de l'Espinau,34.116.01,"Selva, la",1990,Osor,,L'Espinau,AM,"465521,3217","465372,3356",Pinus nigra subsp. salzmannii,465615,4640498,2.584240969,41.9138387,,N,"normal, típic, ordinari",3411601
34.116.02,Roure Gros de Ca n'Iglesies,34.116.02,"Selva, la",1990,Osor,,Santa Creu d'Horta,AM,"465521,3217","465372,3356",Quercus petraea,465615,4640498,2.584240969,41.9138387,,N,"normal, típic, ordinari",3411602
34.116.03,Alzina de la Coma,34.116.03,"Selva, la",1990,Osor,,la Coma,AM,"458432,3278","458283,3082",Quercus ilex subsp. ilex,458526,4642712,2.498605406,41.9334382,,N,"normal, típic, ordinari",3411603
34.148.01,Lledoner de l'Esparra,34.148.01,"Selva, la",1990,Riudarenes,L'Esparra,Plaça de l'Església,AM,"471551,2567","471402,4186",Celtis australis,471645,4630735,2.657421130,41.8261459,Plantat al 1812. El 2007 una ventada trencà una branca principal i la capçada quedà reduïda dràsticament.,MD·H,"mort i encara és dret, ara històric",3414801
34.148.02,Suro de Can Ferrer,34.148.02,"Selva, la",1990,Riudarenes,,prop l'Esparra,AM,"471868,2535","471719,4227",Quercus suber,471962,4630260,2.661260890,41.8218790,Morí el 1994.,N,"normal, típic, ordinari",3414802
34.202.01,Es Roure del Bon Retir,34.202.01,"Selva, la",1991,Tossa de Mar,,el Bon Retir,"AM, AL","493880,2062","493731,5358",Quercus pubescens,493974,4619679,2.926419538,41.7270499,,N,"normal, típic, ordinari",3420201
34.213.01,Suro de Can Magre,34.213.01,"Selva, la",1991,Vidreres,,Can Magre,AM,"485815,2455","485666,4724",Quercus suber,485909,4626445,2.829289517,41.7878890,,N,"normal, típic, ordinari",3421301
34.213.02,Suro de l'Hort de Caulés,34.213.02,"Selva, la",1995,Vidreres,Caulés,Hort de Caulés,AM,"487102,2343","486953,4874",Quercus suber,487196,4624725,2.844815519,41.7724189,,N,"normal, típic, ordinari",3421302
34.213.03,Freixe de l'Aulet,34.213.03,"Selva, la",2000,Vidreres,,l'Aulet,AM,"485374,2535","485225,4631",Fraxinus angustifolia,485468,4627597,2.823953884,41.7982570,,N,"normal, típic, ordinari",3421303
35.064.01,Pi Gros de Viladric,35.064.01,"Solsonès, el",1988,Castellar de la Ribera,,Viladric,AM,"371788,2436","371639,1336",Pinus nigra subsp. salzmannii,371882,4648674,1.452436831,41.9778050,,N,"normal, típic, ordinari",3506401
35.064.02,Pi Gros de Can Gaspar,35.064.02,"Solsonès, el",2000,Castellar de la Ribera,,Finca de Gaspar (Serra dels morts),AM,"372480,2538","372331,1255",Pinus nigra subsp. salzmannii,372574,4649880,1.460525130,41.9887754,,N,"normal, típic, ordinari",3506402
35.064.03,Pi de la Vinya,35.064.03,"Solsonès, el",2005,Castellar de la Ribera,Cases de Viladric i  Gaspà,Finca de Can Gaspar (Serra dels morts),AM,"372146,2521","371997,1261",Pinus nigra subsp. salzmannii,372240,4649730,1.456526955,41.9873708,,N,"normal, típic, ordinari",3506403
35.148.01,Pi de Nerola,35.148.01,"Solsonès, el",2000,Odèn,Llinars-Cambrils,Nerola,AM,"366066,3751","365916,985",Pinus nigra subsp. salzmannii,366160,4667152,1.379171542,42.1432110,,N,"normal, típic, ordinari",3514801
35.151.41,Pi de Sant Just,,"Solsonès, el",,Olius,"PI de Sant Just, urbanització",,H (arbre històric),"380717,254","380568,1499",Pinus nigra subsp. salzmannii,380811,4648288,1.560257533,41.9757311,,H,arbre històric,3515141
35.167.01,Roure de Cal Peroi,35.167.01,"Solsonès, el",1991,Pinós,,Cal Peroi,AM,"378810,1468","378661,2513",Quercus faginea subsp. faginea,378904,4634525,1.540073198,41.8515198,,N,"normal, típic, ordinari",3516701
35.186.01,Pi de les Tres Branques de Freixinet,35.186.01,"Solsonès, el",1988,Riner,,Rasa de Freixinet,AM,"381748,2184","381599,1885",Pinus nigra subsp. salzmannii,381842,4643387,1.573681927,41.9317580,Va morir a l'incendi de 1998.,N,"normal, típic, ordinari",3518601
35.186.02,Ginebre del Solà de Riner,35.186.02,"Solsonès, el",1988,Riner,,el Solà de Riner,AM,"381108,2169","380959,1882",Juniperus oxycedrus,381202,4643313,1.565979668,41.9309956,Morí als incendis de 1998.,N,"normal, típic, ordinari",3518602
36.047.01,"Plàtans del Mas de Cavaller I, II",36.047.01,"Tarragonès, el",2005,Constantí,,Mas de Cavaller,AM,"347651,544","347503,7611",Platanus × hispanica,347746,4561138,1.183458022,41.1854458,,N,"normal, típic, ordinari",3604701
36.047.01a,Plàtans del Mas de Cavaller I,36.047.01,"Tarragonès, el",2005,Constantí,,Mas de Cavaller,AM (part),"347651,544","347503,7611",Platanus × hispanica,347746,4561138,1.183458022,41.1854458,,N,"normal, típic, ordinari",3604701a
36.047.01b,Plàtans del Mas de Cavaller II,36.047.01,"Tarragonès, el",2005,Constantí,,Mas de Cavaller,AM (part),"347651,544","347503,7611",Platanus × hispanica,347746,4561138,1.183458022,41.1854458,,N,"normal, típic, ordinari",3604701b
36.126.01,Plàtan de la Plaça de la Riera de Gaià,36.126.01,"Tarragonès, el",1992,"Riera de Gaià, la",,plaça de la Vila,AM,"362554,5467","362406,8029",Platanus × hispanica,362649,4558553,1.361662423,41.1648341,,N,"normal, típic, ordinari",3612601
36.148.31,Mata del Mas de la Creu,36.148.01,"Tarragonès, el",,Tarragona,,Mas de la Creu. A la dreta (a la meitat) del camí des de la carretera al Mas de la Creu.,AM previst,"358352,5291","358204,808",Pistacia lentiscus,358447,4557057,1.311940937,41.1506410,,N,"normal, típic, ordinari",3614831
36.166.01,Pi del Baró,36.166.01,"Tarragonès, el",1992,Vilallonga del Camp,,"Ctra. de la Selva del Camp a Vilallonga (TV-7223), km 3",AM,"348003,5679","347855,7382",Pinus pinea,348098,4564216,1.186888526,41.2132244,Una vegada mort va estar uns quants anys dret. El 2008 va caure i se'n conserven rodantxes.,N,"normal, típic, ordinari",3616601
36.166.02,Pi Gros de Mestres (I),36.166.02,"Tarragonès, el",1997,Vilallonga del Camp,,Mas de  Mestres,AM,"350146,5653","349998,7472",Pinus pinea,350241,4563453,1.212626633,41.2067542,L'any 2008 va ser objecte d'una gran reinvidicació popular perquè una línia elèctrica passava a la vora,N,"normal, típic, ordinari",3616602
37.018.01,Lo Pi Ramut,37.018.01,"Terra Alta, la",1990,Arnes,,"L'Escaleta, coll de Miralles",AM,"271155,1584","271007,9181",Pinus nigra subsp. salzmannii,271250,4525344,0.285428709,40.8453873,,N,"normal, típic, ordinari",3701801
37.018.02,Lo Pimpoll,37.018.02,"Terra Alta, la",1990,Arnes,,Coll de Miralles,AM,"271105,1585","270957,9178",Pinus nigra subsp. salzmannii,271200,4525371,0.284826319,40.8456163,,N,"normal, típic, ordinari",3701802
37.018.03,Pi Camat (de la Tossa Blanca),37.018.03,"Terra Alta, la",,Arnes,,"prop del coll, al vessant que mira al sudoest, prop de la Tossa Blanca (Punta Blanca) i del TM d'Arnes",AM previst,"272347,1633","272199,9167",Pinus nigra subsp. salzmannii,272442,4525760,0.299401262,40.8494623,,N,"normal, típic, ordinari",3701803
37.071.01,Lo Parot,37.071.01,"Terra Alta, la",1990,Horta de Sant Joan,,Darrera la Caseta de la Lloba (primer camí a mà dreta),AM,"274384,2595","274236,8266",Olea europaea var. europaea,274479,4538048,0.319076732,40.9605992,,N,"normal, típic, ordinari",3707101
37.071.02,Pi de Balija,37.071.02,"Terra Alta, la",1992,Horta de Sant Joan,,els Pessells,AM,"274927,2939","274779,7938",Pinus halepensis,275022,4542480,0.323910100,41.0006301,,N,"normal, típic, ordinari",3707102
37.071.03,"Pins del Collet de Fenassar I, II",37.071.03,"Terra Alta, la",2005,Horta de Sant Joan,,"Coll de Fenassar, vessant del torrent del Carrer Ample.",AM,"276610,1868","276462,9059",Pinus nigra subsp. salzmannii,276705,4528021,0.349108962,40.8709808,,N,"normal, típic, ordinari",3707103
37.071.03a,Pins del Collet de Fenassar I,37.071.03,"Terra Alta, la",2005,Horta de Sant Joan,,"Coll de Fenassar, vessant del torrent del Carrer Ample.",AM (part),"276610,1868","276462,9059",Pinus nigra subsp. salzmannii,276705,4528021,0.349108962,40.8709808,,N,"normal, típic, ordinari",3707103a
37.071.03b,Pins del Collet de Fenassar II,37.071.03,"Terra Alta, la",2005,Horta de Sant Joan,,"Coll de Fenassar, vessant del torrent del Carrer Ample.",AM (part),"276610,1868","276462,9059",Pinus nigra subsp. salzmannii,276705,4528021,0.349108962,40.8709808,,N,"normal, típic, ordinari",3707103b
37.071.04,Pi de Maurí,37.071.04,"Terra Alta, la",2005,Horta de Sant Joan,,Mas de les Monges (finca),AM,"277231,2959","277083,7988",Pinus halepensis,277326,4542284,0.351347002,40.9994987,,N,"normal, típic, ordinari",3707104
37.071.05,Auró de Josepó,37.071.05,"Terra Alta, la",,Horta de Sant Joan,,"A l'esquerra de la pista que puja del Mas de la Franqueta al coll de Miralles, sota un bancal","AM previst, AL","272597,1717","272449,9091",Acer opalus subsp. granatense,272692,4526818,0.301977443,40.8590520,,N,"normal, típic, ordinari",3707105
37.071.06,Servera de Franxo,37.071.06,"Terra Alta, la",,Horta de Sant Joan,,Barranc de Franxo,"AM previst, AL","274233,1878","274085,8979",Sorbus domestica,274328,4528614,0.320715890,40.8756656,,N,"normal, típic, ordinari",3707106
37.117.01,Teix d'Engrilló,37.117.01,"Terra Alta, la",2000,Prat de Comte,,Engrilló,AM,"278879,2502","278731,8493",Taxus baccata,278974,4535935,0.373189479,40.9428136,,N,"normal, típic, ordinari",3711701
38.050.01,Xop Gros del Molí Vell,38.050.01,"Urgell, l'",2005,Bellpuig,Bellpuig,"El Molí Vell. Salt del Molí Vell, al costat de Torre Besa",AM,"334345,8924","334197,373",Populus nigra,334440,4609716,1.011602436,41.6201458,,N,"normal, típic, ordinari",3805001
38.217.01,Om de la Plana,38.217.01,"Urgell, l'",1995,Tàrrega,,"carretera de Montblanc, davant  del club de tennis",AM,"345377,9262","345229,3721",Ulmus minor,345472,4612006,1.143362508,41.6429747,Morí per infecció de grafiosi (2007-2008).,N,"normal, típic, ordinari",3821701
38.225.01,Plataner de Tornabous,38.225.01,"Urgell, l'",,Tornabous,,Terraforts,"AM previst, AL","338162,9704","338014,3063",Platanus × hispanica,338257,4619261,1.054809073,41.7068530,,N,"normal, típic, ordinari",3822501
39.025.33,"Auets da Coma des Estrets I, II",,"Val d'Aran, era",,Naut Aran,,"Coma des Estrets, passat el pont de Loseron. Les coordenades són aproximades de l'indret on hi ha l'avetosa..",AM probable,"326274,7533","326124,4879",Abies alba,326368,4724891,0.880479553,42.6550504,,N,"normal, típic, ordinari",3902533
39.063.01,Auet de Canejan,39.063.01,"Val d'Aran, era",1988,Canejan,,"pista Les-Toran, a 700 m del barranc Bordius",AM,"316440,8726","316290,3392",Abies alba,316534,4742560,0.754858482,42.8117656,Morí el 1995.,MD,mort i encara és dret,3906301
39.243.03,Pin deth Plau de Naut,39.243.01,"Val d'Aran, era",1995,Vielha e Mijaran,Montcorbau,Eth Plau de Naut,AM,"320470,8138","320320,41",Pinus sylvestris,320564,4734016,0.806829659,42.7358348,,N,"normal, típic, ordinari",3924303
40.156.01,Alzina de Can Pedró,40.156.01,"Vallès Occidental, el",1988,Palau de Plegamans,,Plaça de l'Alzina,AM,"431567,0002","431418,5556",Quercus ilex subsp. ilex,431661,4604782,2.178944315,41.5899655,Morí el 2004,N,"normal, típic, ordinari",4015601
40.184.01,Roure de Ca n'Oriol,40.184.01,"Vallès Occidental, el",1995,Rubí,,Parc de Ca n'Oriol,"AM, AUC","419973,9023","419825,6188",Quercus pubescens,420068,4594156,2.041282802,41.4931897,Morí el 2010.,N,"normal, típic, ordinari",4018401
41.023.01,Plàtan de la Font de la Pineda,41.023.01,"Vallès Oriental, el",1990,Bigues i Riells,Riells del Fai,font de la Pineda,AM,"432646,0971","432497,4619",Platanus × hispanica,432740,4617352,2.190474050,41.7032668,"Afectat per un incendi, una inundació i un bufarut.",N,"normal, típic, ordinari",4102301
41.137.01,Boix de l'Església de Montseny,41.137.01,"Vallès Oriental, el",1990,Montseny,Montseny,plaça de l'església,AM,"449693,1687","449544,4413",Buxus sempervirens,449787,4623435,2.394835979,41.7593134,,N,"normal, típic, ordinari",4113701
40.223.01,Pi de les Quatre Besses del Dalmau,40.223.01,"Vallès Occidental, el",1988,Sant Llorenç Savall,,camí del Dalmau,AM,"420024,0407","419875,4806",Pinus pinea,420118,4612402,2.039451652,41.6575197,,N,"normal, típic, ordinari",4022301
41.033.01,Roure de Can Corró,41.033.01,"Vallès Oriental, el",1991,Caldes de Montbui,,Can Corró,AM,"429133,0312","428984,5173",Quercus pubescens,429227,4609352,2.149204034,41.6309122,Morí el 1997.,N,"normal, típic, ordinari",4103301
41.042.01,Castanyer de la Casa del Bosc (o de Can Cuc),41.042.01,"Vallès Oriental, el",1988,Cànoves i Samalús,,Can Cuc,AM,"445791,1439","445642,4544",Castanea sativa,445885,4620935,2.348127312,41.7365406,,N,"normal, típic, ordinari",4104201
41.055.01,Roure del Giol,41.055.01,"Vallès Oriental, el",1991,Castellcir,,Santa Coloma Saserra,"AM, AL","430876,1715","430727,3822",Quercus pubescens,430970,4627516,2.168022311,41.7946534,,N,"normal, típic, ordinari",4105501
41.081.01,Grèvol del Pla de Morou,41.081.01,"Vallès Oriental, el",1991,Fogars de Montclús,,Pla de Morou,AM,"456213,1897","456064,4398",Ilex aquifolium,456307,4624918,2.473155716,41.7730562,,N,"normal, típic, ordinari",4108101
41.081.02,"Castanyers de la Traüna I, II, III, IV",41.081.02,"Vallès Oriental, el",1991,Fogars de Montclús,,la Traüna,AM,"450398,1819","450249,4302",Castanea sativa,450492,4625036,2.403182846,41.7737772,AM_41.081.02_Castanyers de la Traüna.pdf,N,"normal, típic, ordinari",4108102
41.081.02a,Castanyers de la Traüna I,41.081.02,"Vallès Oriental, el",1991,Fogars de Montclús,,la Traüna,AM (part),"450433,1821","450284,43",Castanea sativa,450527,4625065,2.403601534,41.7740406,,N,"normal, típic, ordinari",4108102a
41.081.02b,Castanyer de la Traüna II,41.081.02B,"Vallès Oriental, el",1991,Fogars de Montclús,,la Traüna,AM (part),"450451,1824","450302,4298",Castanea sativa,450545,4625097,2.403815437,41.7743299,,N,"normal, típic, ordinari",4108102b
41.081.02c,Castanyer de la Traüna III,41.081.02C,"Vallès Oriental, el",1991,Fogars de Montclús,,la Traüna,AM (part),"450467,1826","450318,4297",Castanea sativa,450561,4625117,2.404006278,41.7745110,,N,"normal, típic, ordinari",4108102c
41.081.02d,Castanyer de la Traüna IV,41.081.02D,"Vallès Oriental, el",1991,Fogars de Montclús,,la Traüna,AM (part),"450480,1827","450331,4296",Castanea sativa,450574,4625133,2.404161358,41.7746560,,N,"normal, típic, ordinari",4108102d
41.106.01,Arboç de Sant Esteve del Coll,41.106.01,"Vallès Oriental, el",1988,Llinars del Vallès,,Ermita de Sant Esteve del Coll,AM,"448036,046","447887,559",Arbutus unedo,448130,4607584,2.376283261,41.6164426,Moribund,N,"normal, típic, ordinari",4110601
41.107.32,Plàtan de Can Feu,,"Vallès Oriental, el",,Lliçà d'Amunt,,Can Feu,AM probable,"436755,0411","436606,5302",Platanus × hispanica,436849,4609150,2.240723589,41.6297332,,N,"normal, típic, ordinari",4110732
41.108.01,"Alzines de Santa Maria del Vallès I, II",41.108.01,"Vallès Oriental, el",2000,Lliçà de Vall,,Santa Maria del Vallès,AM,"437615,0128","437466,5611",Quercus ilex subsp. ilex,437709,4605255,2.251452676,41.5947204,Un dels exemplars es va trencar,N,"normal, típic, ordinari",4110801
41.108.01a,Alzines de Santa Maria del Vallès I,41.108.01,"Vallès Oriental, el",2000,Lliçà de Vall,,Santa Maria del Vallès,AM (part),"437615,0128","437466,5611",Quercus ilex subsp. ballota,437709,4605255,2.251452676,41.5947204,,N,"normal, típic, ordinari",4110801a
41.108.01b,Alzines de Santa Maria del Vallès II,41.108.01,"Vallès Oriental, el",2000,Lliçà de Vall,,Santa Maria del Vallès,AM (part),"437615,0128","437466,5611",Quercus ilex subsp. ilex,437709,4605255,2.251452676,41.5947204,,N,"normal, típic, ordinari",4110801b
41.202.01,Roure de Santa Maria de Montnegre,41.202.01,"Vallès Oriental, el",1990,Sant Celoni,,Santa Maria del Montnegre,AM,"466119,1097","465970,5493",Quercus pubescens,466213,4612417,2.593051819,41.6609450,El 08/01/2010 un temporal de neu i vent el va aterrar. Larbre ja estava força debilitat per pudricions que afectaven el tronc i part de les arrels.,N,"normal, típic, ordinari",4120201
41.210.01,Om del Banc de la Paciència,41.210.01,"Vallès Oriental, el",1991,Sant Feliu de Codines,,cruïlla de les carreteres de Riells i Caldes,AM,"430432,0758","430283,4766",Ulmus glabra,430526,4614979,2.164143144,41.6817047,Va morir cap al 1996 per infecció de grafiosi. Al 1997 es va aterrar i extreure una rodantxa que es guarda a l'Escola Forestal de Santa Coloma de Farnés.,ME,mort i en queden restes a un altre lloc (ex situ),4121001
